{"cameraMode":{"drawMode":0,"name":"Shaded","section":"Shading Mode"},"sceneLighting":false,"audioPlay":false,"sceneViewState":{"showFog":true,"showMaterialUpdate":true,"showSkybox":false,"showFlares":true,"showImageEffects":true,"showParticleSystems":true},"in2DMode":false,"pivot":{"x":-7.819999694824219,"y":1.0880000591278077,"z":0.30000001192092898},"rotation":{"x":-0.30154040455818179,"y":-0.0037213184405118229,"z":0.0011772136203944684,"w":-0.9534487724304199},"size":4.0416579246521,"orthographic":false}