{"cameraMode":{"drawMode":0,"name":"Shaded","section":"Shading Mode"},"sceneLighting":true,"audioPlay":false,"sceneViewState":{"showFog":true,"showMaterialUpdate":true,"showSkybox":true,"showFlares":true,"showImageEffects":true,"showParticleSystems":true},"in2DMode":false,"pivot":{"x":-110.88105773925781,"y":43.027591705322269,"z":5.3256988525390629},"rotation":{"x":-0.044343799352645877,"y":-0.9522464275360107,"z":0.16826650500297547,"w":-0.25097987055778506},"size":10.047215461730957,"orthographic":false}