{"cameraMode":{"drawMode":0,"name":"Shaded","section":"Shading Mode"},"sceneLighting":true,"audioPlay":false,"sceneViewState":{"showFog":true,"showMaterialUpdate":true,"showSkybox":true,"showFlares":true,"showImageEffects":true,"showParticleSystems":true,"showVisualEffectGraphs":true,"m_FxEnabled":true},"in2DMode":false,"pivot":{"x":21.201087951660158,"y":13.428153991699219,"z":-3.9067835807800295},"rotation":{"x":0.0009692042949609458,"y":0.9994110465049744,"z":-0.02038339152932167,"w":0.03843529522418976},"size":1.7685253620147706,"orthographic":false}